label_fr,label_en
ARTE France,ARTE France
Accompagnement des mutations économiques et développement de l'emploi,Support for economic change and employment development
Accompagnement des personnes les plus éloignées du marché du travail- Fonds d'inclusion dans l'emploi,Support for people furthest from the labour market - Employment Inclusion Fund
Accompagnement des résidents des foyers de travailleurs migrants,Support for residents of migrant worker hostels
Accompagnement des transformations des ressources humaines (DGAFP/CISIRH),Support for human resources transformation (DGAFP/CISIRH)
Accompagnement du changement de l'action publique,Support for change in public action
Accompagnement et transformation des filières,Support and transformation of industry sectors
Accompagnement transition énergétique,Energy transition support
Accueil des étrangers primo arrivants,Reception of newly arrived foreign nationals
Accueil et accompagnement des personnes placées sous main de justice,Reception and support of persons under judicial supervision
Accès au droit et à la justice,Access to law and justice
Accès aux droits et égalité professionnelle,Access to rights and professional equality
Accès des élèves français au réseau AEFE et à la langue française,French pupils' access to the AEFE network and the French language
Accès et retour à l'emploi,Access and return to employment
Accès à la nationalité française,Access to French nationality
Accélération de la croissance (fonds propres),Growth acceleration (equity)
Accélération de la modernisation des entreprises,Accelerating business modernisation
Accélération du développement des écosystèmes d'innovation performants,Accelerating the development of high-performing innovation ecosystems
Acquisition et enrichissement des collections publiques,Acquisition and enrichment of public collections
Action de la France en Europe et dans le monde,France's action in Europe and worldwide
Action sociale,Social action
Action sociale (hors APA et RSA),Social action (excluding APA and RSA)
Actions en faveur de la jeunesse et de l'éducation populaire,Support for youth and community education
Actions en faveur des rapatriés,Support for repatriates
Actions en matière de déchets et propreté urbaine,Waste management and urban cleanliness
Actions en matière de gestion des eaux,Water management
Actions pour favoriser la mise en activité professionnelle des demandeurs d'emploi,Measures to help jobseekers into work
Actions sociales en faveur des élèves,Social support for pupils
Actions territorialisées et Dispositifs spécifiques de la politique de la ville,Area-based initiatives and specific urban policy schemes
Actions transversales,Cross-cutting initiatives
Actions éducatives complémentaires aux enseignements,Educational activities complementing classroom teaching
Activité normative,Standard-setting activity
Adaptation des filières à l'évolution des marchés,Adapting industry sectors to market trends
Adaptation des territoires au changement climatique,Adapting territories to climate change
Adaptation et qualification de la main d'oeuvre,Workforce adaptation and skills development
Administration des relations avec les collectivités territoriales,Administration of relations with local authorities
Administration générale,General administration
Administration pénitentiaire,Prison administration
Administration territoriale de l'État,Territorial administration of the State
Affaires européennes et internationales,European and international affairs
Affaires immobilières,Property affairs
Affaires juridiques et contentieuses,Legal affairs and litigation
"Affaires maritimes, pêche et aquaculture","Maritime affairs, fisheries and aquaculture"
Agence de l'environnement et de la maîtrise de l'énergie (ADEME),Environment and Energy Management Agency (ADEME)
Agence nationale de la recherche,National Research Agency
Agence pour l'enseignement français à l'étranger,Agency for French Education Abroad
Agriculture et environnement,Agriculture and environment
"Agriculture, pêche et agro-alimentaire","Agriculture, fisheries and agri-food"
Aide alimentaire,Food aid
Aide aux victimes,Victim support
Aide juridictionnelle,Legal aid
Aide médicale de l'Etat,State medical aid
Aide sociale aux élèves et santé scolaire (enseignement public et privé),Social assistance for pupils and school health (public and private education)
Aide universelle d'urgence pour les personnes victimes de violences conjugales,Universal emergency aid for victims of domestic violence
Aide à l'accès au logement,Assistance with access to housing
Aide à l'insertion et à la qualification professionnelle,Support for integration into work and vocational skills
Aide à l'insertion professionnelle,Support for integration into work
Aide à la vie familiale et sociale des anciens migrants dans leur pays d'origine (AVFS),Support for the family and social life of former migrants in their country of origin (AVFS)
Aide économique et financière au développement,Economic and financial development aid
Aide économique et financière bilatérale,Bilateral economic and financial aid
Aide économique et financière multilatérale,Multilateral economic and financial aid
Aides directes,Direct aid
Aides exceptionnelles aux collectivités territoriales,Exceptional support for local authorities
Aides indirectes,Indirect aid
Aides personnelles,Personal allowances
Aides à l'acquisition de véhicules propres,Grants for purchasing clean vehicles
Aides à l'innovation « bottom-up » (subventions et prêts),Bottom-up innovation aid (grants and loans)
Aides à la presse,Press subsidies
Aides à l’innovation « bottom-up » (fonds propres),Bottom-up innovation aid (equity)
Allocations et aides en faveur des personnes handicapées,Allowances and support for people with disabilities
Allocations et dépenses d'aide sociale,Social assistance allowances and expenditure
Allègements de cotisations et contributions sociales,Reductions in social security contributions
Allègements du coût du travail en agriculture (TODE-AG),Labour cost reductions in agriculture (TODE-AG)
Amortissement de la dette de l'État liée à la covid-19,Repayment of State debt linked to Covid-19
Amortissement de la dette de l’État liée à la covid-19,Repayment of State debt linked to Covid-19
Amélioration de la qualité de l'emploi et des relations du travail,Improving job quality and labour relations
Amélioration du cadre de vie,Improving the living environment
Aménagement  du territoire,Spatial planning
Aménagement des territoires,Territorial planning and development
Anticipation et accompagnement des conséquences des mutations économiques sur l'emploi,Anticipating and managing the employment effects of economic change
Appels en garantie de l'État (crédits évaluatifs),Calls on State guarantees (estimated appropriations)
Apprentissage,Apprenticeship
Appui au renouvellement et à la modernisation des exploitations agricoles,Support for farm renewal and modernisation
Appui au réseau,Network support
Appui et innovation des ressources humaines,Human resources support and innovation
Appui à l'accès aux financements bancaires,Support for access to bank financing
Architecture et sites patrimoniaux,Architecture and heritage sites
Assemblée nationale,National Assembly
Autorité de contrôle des nuisances aéroportuaires (ACNUSA),Airport Pollution Control Authority (ACNUSA)
Autorité de régulation de la communication audiovisuelle et numérique,Audiovisual and Digital Communication Regulatory Authority
Autres actions environnementales,Other environmental initiatives
Autres autorités indépendantes,Other independent authorities
Autres garanties,Other guarantees
Autres interventions de protection civile,Other civil protection operations
Autres projets concourant à la mise en œuvre du plan France très haut débit,Other projects contributing to the France ultra-fast broadband plan
Autres recherches et développements technologiques duaux,Other dual-use research and technological development
Autres régimes,Other schemes
Autres services annexes de l'enseignement,Other ancillary education services
Autres sécurité et salubrité,Other public safety and sanitation
BMA_Coopération bilatérale,BMA_Bilateral cooperation
Besoins éducatifs particuliers,Special educational needs
Bibliothèques et documentation,Libraries and documentation
Caisse de retraites des personnels de l'Opéra national de Paris,Pension fund for staff of the Opéra national de Paris
Caisse de retraites du personnel de la Comédie Française,Pension fund for staff of the Comédie Française
Caisse des retraites des régies ferroviaires d'outre-mer,Pension fund for overseas territories railway authorities
Cassation,Cassation
Certification,Certification
Charge de la dette de SNCF Réseau reprise par l'État (crédits évaluatifs),Cost of SNCF Réseau debt taken over by the State (estimated appropriations)
Charge de la dette et trésorerie de l'État (crédits évaluatifs),State debt service and cash management (estimated appropriations)
Charges nucléaires de long terme des installations du CEA,Long-term nuclear liabilities of CEA facilities
Circulation des étrangers et politique des visas,Movement of foreign nationals and visa policy
Collecte et traitement des déchets,Waste collection and treatment
Collectivités territoriales,Local authorities
Commandement et maîtrise de l'information,Command and information control
"Commandement, ressources humaines et logistique","Command, human resources and logistics"
Commandes militaires,Military procurement orders
Commission de régulation de l'énergie (CRE),Energy regulation commission (CRE)
Commission du contentieux du stationnement payant,Paid parking disputes commission
Commission du secret de la Défense nationale,National defence secrecy commission
Commission nationale de contrôle des techniques de renseignement,National commission for the oversight of intelligence techniques
Commission nationale de l'informatique et des libertés,National commission on information technology and civil liberties
Commission nationale des comptes de campagne et des financements politiques,National commission for campaign accounts and political financing
Commission nationale du débat public,National commission for public debate
Communication,Communication
Compagnie internationale de radio et télévision (CIRT),International radio and television company (CIRT)
Compétitivité,Competitiveness
"Compétitivité et durabilité de l'agriculture, de l'agroalimentaire et de la forêt","Competitiveness and sustainability of agriculture, agri-food and forestry"
Concours financiers aux collectivités territoriales et à leurs groupements,Financial support to local authorities and their groupings
Concours spécifiques et administration,Specific grants and administration
Conditions de vie outre-mer,Living conditions in the overseas territories
Conduite de la politique pénale et jugement des affaires pénales,Conduct of criminal justice policy and adjudication of criminal cases
Conduite et animation des politiques de l'hébergement et de l'inclusion sociale,Management and coordination of emergency shelter and social inclusion policies
Conduite et pilotage de la politique de la justice,Management and steering of justice policy
Conduite et pilotage de la transformation et de la fonction publiques,Management and steering of public transformation and the civil service
Conduite et pilotage des politiques de l'agriculture,Management and steering of agricultural policies
Conduite et pilotage des politiques de l'intérieur,Management and steering of home affairs policies
"Conduite et pilotage des politiques de l'écologie, du développement et de la mobilité durables","Management and steering of ecology, sustainable development and mobility policies"
Conduite et pilotage des politiques économiques et financières,Management and steering of economic and financial policies
Conseil constitutionnel,Constitutional Council
Conseil d'État et autres juridictions administratives,Council of State and other administrative courts
Conseil supérieur de la magistrature,High Council of the Judiciary
"Conseil économique, social et environnemental","Economic, Social and Environmental Council"
"Conseils, assemblée locale",Councils and local assembly
Constitution d'écoles universitaires de recherche,Establishment of graduate research schools
Construction locative et amélioration du parc,Rental housing construction and housing stock improvement
Continuité territoriale,Territorial continuity
Contributions internationales,International contributions
Contrôle de légalité et conseil aux collectivités territoriales,Legality review and advice to local authorities
Contrôle des finances publiques,Oversight of public finances
Contrôle des gestions publiques,Audit of public management
Contrôleur général des lieux de privation de liberté,Inspector-general of places of deprivation of liberty
Coopération bilatérale,Bilateral cooperation
Coopération communautaire,European Community cooperation
Coopération culturelle et promotion du français,Cultural cooperation and promotion of the French language
Coopération de sécurité et de défense,Security and defence cooperation
Coopération décentralisée et actions internationales,Decentralised cooperation and international activities
Coopération multilatérale,Multilateral cooperation
Coordination de l'action diplomatique,Coordination of diplomatic action
Coordination de la politique des ressources humaines en matière d’encadrement supérieur et dirigeant de l’Etat,Coordination of human resources policy for the State's senior and executive management
Coordination de la politique européenne,Coordination of European policy
Coordination de la politique numérique,Coordination of digital policy
Coordination de la sécurité des personnes et des biens,Coordination of the security of persons and property
Coordination de la sécurité et de la défense,Coordination of security and defence
Coordination du travail gouvernemental,Coordination of government work
Cour de justice de la République,Court of Justice of the Republic
Cour des comptes et autres juridictions financières,Court of Audit and other financial courts
Cour nationale du droit d'asile,National Court of Asylum
Création,Artistic creation
Cultes et laïcité,Religious affairs and secularism
Culture,Culture
Dette,Debt
Developpement des techniques d’enquetes numeriques judiciaires,Development of digital forensic investigation techniques
Dialogue social et démocratie sociale,Social dialogue and workplace democracy
Diffusion des savoirs et musées,Dissemination of knowledge and museums
"Diffusion, valorisation et transfert des connaissances et des technologies","Dissemination, promotion and transfer of knowledge and technologies"
Diplomatie culturelle et d'influence,Cultural diplomacy and influence
Diplomatie économique et attractivité,Economic diplomacy and attractiveness
Dispositifs spécifiques de scolarisation,Specific schooling arrangements
Dispositions sociales pour les consommateurs en situation de précarité énergétique,Social measures for consumers in energy poverty
Dissuasion,Deterrence
Dotation de soutien à l'investissement local exceptionnelle,Exceptional local investment support grant
Dotation générale de décentralisation concours particuliers,"General decentralisation grant, specific allocations"
Dotation générale de décentralisation des communes,General decentralisation grant for municipalities
Dotation générale de décentralisation des départements,General decentralisation grant for departments
Dotation générale de décentralisation des régions,General decentralisation grant for regions
Dotations Outre-Mer,Overseas territories grants
Défenseur des droits,Defender of Rights
"Définition et mise en oeuvre de la politique économique et financière de la France dans le cadre national, international et européen","Definition and implementation of France's economic and financial policy in the national, international and European framework"
Démarches interministérielles et communication,Interministerial initiatives and communication
Démonstrateurs et territoires d'innovation de grande ambition,Demonstrators and high-ambition innovation territories
"Démonstration en conditions réelles, amorçage et premières commerciales","Real-world demonstration, seed funding and first commercial deployments"
Dépenses accidentelles et imprévisibles,Accidental and unforeseeable expenditure
"Dépenses de personnel concourant au programme ""Diplomatie culturelle et d'influence""","Personnel expenditure contributing to the ""Cultural diplomacy and influence"" programme"
"Dépenses de personnels concourant au programme ""Solidarité à l'égard des pays en développement""","Personnel expenditure contributing to the ""Solidarity with developing countries"" programme"
Dépenses immobilières de l'administration territoriale,Property expenditure of the territorial administration
Développement de l'accès au droit et du réseau judiciaire de proximité,Development of access to law and the local justice network
Développement de la technologie spatiale au service de l'observation de la terre,Development of space technology for Earth observation
Développement de la technologie spatiale au service de la recherche en sciences de l'information et de la communication,Development of space technology for research in information and communication sciences
Développement de la technologie spatiale au service de la science,Development of space technology for science
Développement de la vie associative,Development of the voluntary sector
Développement des compétences par l'alternance,Skills development through work-study training
Développement des entreprises et régulations,Business development and regulation
"Développement des postes, des télécommunications et du numérique","Development of postal services, telecommunications and digital technology"
Développement des satellites de météorologie,Development of meteorological satellites
Développement du service civique,Development of civic service
Développement du sport de haut niveau,Development of elite sport
Développement international de l'économie française,International development of the French economy
Développement international des entreprises et attractivité du territoire,International development of businesses and territorial attractiveness
Développement touristique,Tourism development
Eau - Agriculture en Bretagne,Water and agriculture in Brittany
Elimination des cadavres et des sous-produits animaux,Disposal of animal carcasses and by-products
Emploi outre-mer,Employment in the overseas territories
Emplois et formations maritimes,Maritime employment and training
Engagement et combat,Engagement and combat
Enregistrement des décisions judiciaires,Registration of judicial decisions
Enseignement du premier degré,Primary education
Enseignement du second degré,Secondary education
Enseignement privé du premier et du second degrés,Private primary and secondary education
Enseignement pré-élémentaire,Pre-primary education
Enseignement scolaire public du premier degré,Public primary school education
Enseignement scolaire public du second degré,Public secondary school education
Enseignement supérieur,Higher education
Enseignement supérieur et recherche,Higher education and research
Enseignement supérieur et recherche agricoles,Agricultural higher education and research
"Enseignement supérieur, professionnel et continu","Higher, vocational and continuing education"
Enseignement technique agricole,Agricultural technical education
Environnement et prospective de la politique de défense,Defence policy environment and foresight
"Equipements de vidéo-protection et de surveillance électronique du ministère de l'intérieur, des collectivités et des acteurs privés","Video protection and electronic surveillance equipment of the Ministry of the Interior, local authorities and private actors"
Etudes,Studies
Etudes et expertise en matière de développement durable,Studies and expertise on sustainable development
"Etudes, statistiques, évaluation et recherche","Studies, statistics, evaluation and research"
Evaluation des politiques publiques,Evaluation of public policies
Examen des comptes publics,Examination of public accounts
Exercice des missions militaires,Performance of military missions
Expertise juridique,Legal expertise
"Expertise, audit, évaluation et contrôle","Expertise, audit, evaluation and oversight"
"Expertise, conseil et inspection","Expertise, advice and inspection"
"Expertise, information géographique et météorologie","Expertise, geographic information and meteorology"
FNADT section générale,FNADT general section
FNADT section locale,FNADT local section
Facilitation et sécurisation des échanges,Facilitation and security of trade
Ferroviaire,Rail
Financement de l'économie,Financing of the economy
Financement des agences régionales de santé,Funding of regional health agencies
Financement des entreprises et industrie,Financing of businesses and industry
Financement des investissements stratégiques,Financing of strategic investments
Financement des partis,Funding of political parties
Financement des structures de la formation professionnelle et de l'emploi,Funding of vocational training and employment bodies
Financement structurel des écosystèmes d'innovation,Structural funding of innovation ecosystems
Financements de l'écosystème ESRI et valorisation,"Funding of the higher education, research and innovation ecosystem and knowledge transfer"
Fiscalité des PME,Taxation of SMEs
Fiscalité des grandes entreprises,Taxation of large companies
Fiscalité des particuliers et fiscalité directe locale,Personal taxation and local direct taxation
"Fiscalité douanière, énergétique et environnementale","Customs, energy and environmental taxation"
Foires et marchés,Fairs and markets
Fonction consultative,Advisory function
Fonction juridictionnelle : Conseil d'État,Judicial function: Conseil d'État
Fonction juridictionnelle : Cours administratives d'appel,Judicial function: administrative courts of appeal
Fonction juridictionnelle : Tribunaux administratifs,Judicial function: administrative courts
Fonction publique,Civil service
"Fonction études, expertise et services rendus aux administrations de l'État et des collectivités","Studies, expertise and services provided to State and local authority administrations"
Fonctionnement courant de l'administration territoriale,Day-to-day operations of territorial administration
Fonctionnement des services,Operation of services
Fonctionnement des établissements,Operation of institutions
"Fonctionnement, soutien et logistique","Operations, support and logistics"
Fonctions de soutien du ministère,Ministry support functions
Fonctions support,Support functions
Fonctions supports à l'institution,Support functions for the institution
Fonds d'accélération de la transition écologique dans les territoires,Fund for accelerating the ecological transition in local areas
Fonds d'indemnisation des victimes de l'amiante,Asbestos victims compensation fund
Fonds de prévention des risques naturels majeurs,Major natural risk prevention fund
Fonds de solidarité pour le développement,Solidarity fund for development
Fonds de soutien relatif aux prêts et contrats financiers structurés à risque,Support fund for risky structured loans and financial contracts
Fonds exceptionnel d'investissement,Exceptional investment fund
Fonds interministériel de prévention de la délinquance,Interministerial crime prevention fund
Fonds interministériel pour la transformation de la Guyane,Interministerial fund for the transformation of French Guiana
"Fonds national post-maturation ""Frontier venture""","""Frontier venture"" national post-maturation fund"
Fonds pour la transformation de l'action publique,Fund for the transformation of public administration
Formation,Training
Formation des fonctionnaires,Training of civil servants
Formation des personnels enseignants,Training of teaching staff
Formation des personnels enseignants et d'orientation,Training of teaching and guidance staff
Formation professionnelle des demandeurs d'emploi,Vocational training for jobseekers
Formations supérieures et recherche universitaire,Higher education programmes and university research
France Media Monde,France Media Monde
France Médias Monde,France Médias Monde
France Télévisions,France Télévisions
Français à l'étranger et affaires consulaires,French nationals abroad and consular affairs
Garantie de l'exercice du droit d'asile,Guaranteeing the exercise of the right to asylum
Garde et contrôle des personnes placées sous main de justice,Custody and supervision of persons under the authority of the justice system
Gendarmerie nationale,National gendarmerie
Gestion de l'administration centrale,Management of central administration
"Gestion de l'après-mine et travaux de mise en sécurité, indemnisations et expropriations sur les sites","Post-mining management and site safety works, compensation and expropriations"
Gestion des crises et des aléas de la production agricole,Management of crises and hazards in agricultural production
Gestion des fonds déposés,Management of deposited funds
Gestion des milieux et biodiversité,Management of natural environments and biodiversity
Gestion des pensions,Pension management
Gestion durable de la forêt et développement de la filière bois,Sustainable forest management and development of the timber sector
Gestion financière de l'État hors fiscalité,Financial management of the State excluding taxation
Gestion financière du secteur public local hors fiscalité,Financial management of the local public sector excluding taxation
Gestion fiscale et financière de l'État et du secteur public local,Tax and financial management of the State and the local public sector
Gestion économique et sociale de l'après-mines,Economic and social management of post-mining areas
Gestion équilibrée et durable des territoires,Balanced and sustainable territorial management
Gouvernance des Finances publiques,Governance of public finances
"Gouvernance, évaluation, études et prospective en matière de développement durable","Governance, evaluation, studies and foresight on sustainable development"
Grandes infrastructures de recherche,Major research infrastructures
Grands défis,Grand challenges
Habitat,Housing
Handicap et dépendance,Disability and dependency
Haute autorité pour la transparence de la vie publique,High Authority for Transparency in Public Life
Hygiène et salubrité publique,Public hygiene and sanitation
Hébergement et restauration scolaires,School boarding and meals
"Hébergement, parcours vers le logement et insertion des personnes vulnérables","Emergency shelter, pathways to housing and social inclusion of vulnerable people"
Immigration et asile,Immigration and asylum
"Immigration, asile et intégration","Immigration, asylum and integration"
Immobilier,Real estate
Impulsion et coordination de la politique d'aménagement du territoire,Impetus and coordination of regional planning policy
Incendie et secours,Fire and rescue
Inclusion numérique,Digital inclusion
Inclusion scolaire des élèves en situation de handicap,School inclusion of pupils with disabilities
Inclusion sociale et protection des personnes,Social inclusion and protection of persons
Indemnisation des avoués,Compensation of court solicitors (avoués)
Indemnisation des demandeurs d'emploi,Compensation of jobseekers
Indemnisation des orphelins de la déportation et des victimes de spoliations du fait des législations antisémites en vigueur pendant l'Occupation,Compensation for orphans of deportation and victims of dispossession under antisemitic legislation in force during the Occupation
Indemnisation des victimes d'actes de barbarie durant la seconde guerre mondiale,Compensation for victims of acts of barbarity during the Second World War
Indemnisation des victimes des persécutions antisémites et des actes de barbarie pendant la seconde guerre mondiale,Compensation for victims of antisemitic persecution and acts of barbarity during the Second World War
Industrialisation et déploiement,Industrialisation and deployment
Industrie et services,Industry and services
"Industrie, commerce et artisanat","Industry, commerce and crafts"
Industries culturelles,Cultural industries
Information des citoyens,Citizen information
Information et orientation,Information and guidance
Information géographique et cartographique,Geographic and cartographic information
Information relative au logement et accompagnement des publics en difficulté,Housing information and support for people in difficulty
"Information économique, démographique et sociale","Economic, demographic and social information"
Infrastructures de transport,Transport infrastructure
"Infrastructures de transport (gares, ports etc.)","Transport infrastructure (stations, ports, etc.)"
Infrastructures et mobilité vertes,Green infrastructure and mobility
Infrastructures et services de transports,Transport infrastructure and services
Infrastructures statistiques et missions régaliennes,Statistical infrastructure and sovereign missions
"Ingénierie, outils de la gouvernance et expérimentations","Engineering, governance tools and experimentation"
Innovation et flotte de commerce,Innovation and the merchant fleet
"Innovation, territorialisation et contentieux","Innovation, territorial deployment and litigation"
"Innovation, territorialisation et services numériques","Innovation, territorial deployment and digital services"
Insertion des jeunes sur le marché du travail- Contrat d'engagement jeunes (CEJ),Integration of young people into the labour market – Youth engagement contract (CEJ)
Insertion économique et coopération régionales,Regional economic integration and cooperation
Institut national de l'audiovisuel,National audiovisual institute
Institut national de l'environnement industriel et des risques (INERIS),National institute for industrial environment and risks (INERIS)
Instruction des demandes de visa,Processing of visa applications
Instruments de financement du logement,Housing finance instruments
Interventions territoriales de l'État,State territorial interventions
Intégration des étrangers primo-arrivants,Integration of newly arrived foreign nationals
Intégration et accès à la nationalité française,Integration and access to French nationality
Jardin du Luxembourg,Jardin du Luxembourg
Jeunesse et loisirs,Youth and leisure
Jeunesse et vie associative,Youth and community life
Jeux olympiques et paralympiques 2024,2024 Olympic and Paralympic Games
"Journée défense et citoyenneté - Personnel travaillant pour le programme ""Reconnaissance et réparation en faveur du monde combattant""","Defence and citizenship day – Staff working for the ""Recognition and reparation for the veterans' community"" programme"
Justice,Justice
Justice judiciaire,Judicial services
La Chaîne parlementaire,La Chaîne parlementaire
La Chaîne parlementaire - Assemblée nationale,La Chaîne parlementaire – National Assembly
Langue française et langues de France,French language and languages of France
Liens armées-jeunesse,Armed forces-youth links
Livre et industries culturelles,Books and cultural industries
Livre et lecture,Books and reading
Logistique et soutien interarmées,Joint logistics and support
"Logistique et soutien interarmées - Personnel travaillant pour le programme ""Préparation et emploi des forces""","Joint logistics and support – Staff working for the ""Preparation and employment of forces"" programme"
"Logistique, système d'information, immobilier","Logistics, information systems and real estate"
Lutte contre l'habitat indigne,Combating substandard housing
Lutte contre l'immigration irrégulière,Combating irregular immigration
Lutte contre le changement climatique et pour la qualité de l'air,Combating climate change and improving air quality
"Lutte contre les maladies animales, protection et bien-être animal","Combating animal diseases, animal protection and welfare"
"Maturation de technologies, R&D, valorisation de la recherche","Technology maturation, R&D and research commercialisation"
Maîtrise de l'accès à l'espace,Ensuring access to space
Maîtrise des technologies orbitales et de l'innovation technologique,Mastery of orbital technologies and technological innovation
Mesures exceptionnelles dans le cadre de la crise sanitaire,Exceptional measures in response to the health crisis
Mesures exceptionnelles de protection des consommateurs,Exceptional consumer protection measures
Mise en jeu de la responsabilité des comptables publics et des gestionnaires publics,Liability proceedings against public accountants and public managers
Mise en oeuvre de l'enseignement dans les établissements publics,Delivery of teaching in public schools
Mise en oeuvre de la politique de sécurité et de qualité sanitaires de l'alimentation,Implementation of the food safety and quality policy
Mise en oeuvre des décisions judiciaires,Enforcement of judicial decisions
Mise en oeuvre des enseignements dans les établissements privés,Delivery of teaching in private schools
Mise en oeuvre du droit de la concurrence (Autorité de la concurrence),Enforcement of competition law (Competition Authority)
Mise en œuvre de l'enseignement agricole dans les territoires,Delivery of agricultural education across the territories
"Mise à niveau numérique de l'État, des territoires et des entreprises – modernisation des administrations régaliennes","Digital upgrading of the State, territories and businesses – modernisation of sovereign administrations"
Mission interministérielle de lutte contre les drogues et les conduites addictives,Interministerial mission for combating drugs and addictive behaviours
Missions de police judiciaire et concours à la justice,Criminal investigation duties and support to the justice system
Mobilisation des outils du renseignement au service des missions douanières,Use of intelligence tools in support of customs missions
Modernisation de l'offre de soins,Modernisation of healthcare provision
Monuments Historiques et patrimoine monumental,Historic monuments and monumental heritage
Moyens communs,Shared resources
Moyens communs à l'enseignement technique agricole (public et privé),Shared resources for agricultural technical education (public and private)
Moyens de l'administration centrale,Central administration resources
Moyens de mise en oeuvre des politiques publiques et gestion des interventions,Resources for implementing public policies and managing interventions
"Moyens des directions régionales de l'alimentation, de l'agriculture et de la forêt, des directions de l'alimentation, de l'agriculture et de la forêt et directions départementales des territoires (et de la mer)","Resources of the regional directorates for food, agriculture and forestry, the directorates for food, agriculture and forestry, and the departmental directorates for territories (and the sea)"
Moyens généraux et d'appui à la recherche,General resources and research support
Médiation et espaces de rencontre,Mediation and supervised contact centres
Météorologie,Meteorology
Nouveaux cursus à l'université,New university curricula
Numérique,Digital
Objectifs de développement durable,Sustainable development goals
"Observation, prospective, réglementation et soutien au programme","Observation, foresight, regulation and programme support"
Offre d'un service public de qualité aux Français à l'étranger,Providing quality public services to French nationals abroad
Opérations non ventilables,Non-allocable operations
Ordre de la Légion d'honneur,Order of the Légion d'honneur
Ordre et sécurité publics,Public order and safety
Ordre public et protection de la souveraineté,Public order and protection of sovereignty
Organisation des élections,Organisation of elections
Organismes de formation supérieure et de recherche,Higher education and research bodies
"PMI, droits et soutien aux invalides","Military invalidity pensions, rights and support for disabled veterans"
Pacte des Solidarités,Solidarity pact
Patrimoine archivistique,Archival heritage
Patrimoine archéologique,Archaeological heritage
Patrimoine des musées de France,Heritage of the Musées de France
Patrimoines,Heritage
"Paysages, eau et biodiversité","Landscapes, water and biodiversity"
Performance environnementale,Environmental performance
Performance et résilience des bâtiments de l'État et de ses opérateurs,Performance and resilience of buildings of the State and its operators
"Personnel concourant à l'action ""Instruction des demandes de visa""","Staff contributing to the ""Processing of visa applications"" action"
"Personnel concourant à l'action ""Offre d'un service public de qualité aux français à l'étranger""","Staff contributing to the ""Providing quality public services to French nationals abroad"" action"
Personnels en situations diverses,Staff in miscellaneous situations
Personnels mettant en œuvre les politiques d'amélioration de la qualité de l'emploi et des relations du travail,Staff implementing policies to improve job quality and labour relations
Personnels mettant en œuvre les politiques de l'emploi et de la formation professionnelle,Staff implementing employment and vocational training policies
Personnels mettant en œuvre les politiques de l'égalité entre les femmes et les hommes,Staff implementing gender equality policies
Personnels mettant en œuvre les politiques sociales et de la santé,Staff implementing social and health policies
"Personnels oeuvrant pour les politiques du programme ""Affaires maritimes""","Staff working on the policies of the ""Maritime affairs"" programme"
Personnels transférés aux collectivités territoriales,Staff transferred to local authorities
Personnels transversaux et de soutien,Cross-cutting and support staff
Personnels œuvrant dans le domaine de la stratégie et de la connaissance des politiques de transition écologique,Staff working on strategy and knowledge for ecological transition policies
Personnels œuvrant pour la politique de l'eau et de la biodiversité,Staff working on water and biodiversity policy
Personnels œuvrant pour la politique de la prévention des risques,Staff working on risk prevention policy
Personnels œuvrant pour la politique en matière de sûreté nucléaire et radio-protection,Staff working on nuclear safety and radiation protection policy
Personnels œuvrant pour les politiques de l'énergie et du climat,Staff working on energy and climate policies
Personnels œuvrant pour les politiques de transport,Staff working on transport policies
"Personnels œuvrant pour les politiques du programme Urbanisme, territoires et aménagement de l'habitat","Staff working on the policies of the Urban planning, territories and housing development programme"
Personnes dépendantes (APA),Dependent persons (APA)
Pilotage de la politique de santé publique,Steering of public health policy
Pilotage des actions de modernisation (DITP),Steering of modernisation initiatives (DITP)
Pilotage des finances publiques et projets interministériels,Steering of public finances and interministerial projects
Pilotage des politiques des outre-mer,Steering of overseas territories policies
Pilotage du programme et animation des politiques inclusives,Programme steering and coordination of inclusion policies
Pilotage et animation,Steering and coordination
Pilotage et animation du programme,Programme steering and coordination
Pilotage et mise en oeuvre des politiques éducatives,Steering and implementation of education policies
"Pilotage et mise œuvre des politiques du sport, de la jeunesse, de l'éducation populaire et de la vie associative","Steering and implementation of policies for sport, youth, community education and civil society organisations"
Pilotage et soutien des juridictions financières,Steering and support of the financial courts
Pilotage et support du programme,Programme steering and support
Pilotage territorial des politiques gouvernementales,Territorial steering of government policies
"Pilotage, administration et encadrement pédagogique","Steering, administration and pedagogical supervision"
"Pilotage, soutien  -  Personnel travaillant pour l'action "" Pilotage, soutien ""","Steering, support - Staff working for the ""Steering, support"" action"
"Pilotage, soutien et communication","Steering, support and communication"
"Pilotage, soutien et communication - dépenses de personnel des cabinets et des organismes rattachés / RH","Steering, support and communication - staff expenditure of ministerial offices and attached bodies / HR"
"Pilotage, soutien et formation initiale","Steering, support and initial training"
"Pilotage, support, audit et évaluations","Steering, support, audit and evaluations"
Plan France Très haut débit,France very high-speed broadband plan
Plan Sargasses II,Sargassum plan II
Plan littoral 21,Littoral 21 coastal plan
Planification  des moyens et conduite des opérations,Resource planning and conduct of operations
"Planification des moyens et conduite des opérations - Personnel travaillant  pour le programme ""Préparation et emploi des forces""","Resource planning and conduct of operations - Staff working for the ""Preparation and employment of forces"" programme"
Planification et économie bleue,Planning and blue economy
Planification écologique,Ecological planning
Planification écologique - Stratégie de réduction de l’utilisation des produits phytosanitaires,Ecological planning - strategy to reduce the use of plant protection products
Plans d'investissement pour la Corse,Investment plans for Corsica
Police des étrangers et sûreté des transports internationaux,Immigration policing and security of international transport
Police judiciaire,Criminal investigation police
Police nationale,National police
"Police, sécurité, justice","Police, security, justice"
Politique culturelle et éducative,Cultural and educational policy
"Politique culturelle et éducative - gestion et communication des archives historiques de la défense - Personnel travaillant pour l'action ""Politique culturelle et éducative""","Cultural and educational policy - management and disclosure of defence historical archives - Staff working for the ""Cultural and educational policy"" action"
Politique de l'internat et établissements à la charge de l'Etat,Boarding school policy and State-funded schools
Politique de l'énergie,Energy policy
Politique de la ville,Urban policy
Politique de mémoire,Remembrance policy
Politique des produits de santé et de la qualité des pratiques et des soins,Policy on health products and on the quality of practices and care
Politique des ressources humaines,Human resources policy
Politique immobilière,Real estate policy
"Politique immobilière - Personnel travaillant pour l'action ""Politique immobilière""","Real estate policy - Staff working for the ""Real estate policy"" action"
Politiques RH transverses,Cross-cutting HR policies
Politiques des ressources humaines,Human resources policies
Ports,Ports
Presse et médias,Press and media
Prestations d'appui et support,Assistance and support services
Prime d'activité et autres dispositifs,In-work benefit and other schemes
"Prime d'aménagement du territoire, contrats de ruralité et pacte Etat-métropoles","Regional development grant, rurality contracts and State-metropolises pact"
Programme de transformation,Transformation programme
Programmes et équipements prioritaires de recherche,Priority research programmes and equipment
Programmes prioritaires de recherche,Priority research programmes
Projection - mobilité - soutien,Projection - mobility - support
Promotion des métiers du sport,Promotion of sport professions
Promotion des échanges internationaux et qualité du dédouanement,Promotion of international trade and quality of customs clearance
Promotion du sport pour le plus grand nombre,Promotion of sport for all
Propreté urbaine,Street cleaning
Prospective de défense,Defence foresight
"Prospective de défense - Personnel travaillant  pour le programme ""Environnement et prospective de la politique de défense""","Defence foresight - Staff working for the ""Environment and foresight of defence policy"" programme"
Protection des droits et libertés,Protection of rights and freedoms
"Protection et accompagnement des enfants, des jeunes et des familles vulnérables","Protection and support of vulnerable children, young people and families"
Protection et sauvegarde,Protection and safeguarding
Protection judiciaire de la jeunesse,Judicial youth protection
Protection juridique des majeurs,Legal protection of adults
Protection maladie,Health protection
Protection sociale,Social protection
Provision relative aux rémunérations publiques,Provision for public sector pay
Préparation des forces aériennes,Preparation of air forces
"Préparation des forces aériennes- Personnel travaillant pour le programme ""Préparation et emploi des forces""","Preparation of air forces - Staff working for the ""Preparation and employment of forces"" programme"
Préparation des forces navales,Preparation of naval forces
"Préparation des forces navales - Personnel travaillant pour le programme ""Préparation et emploi des forces""","Preparation of naval forces - Staff working for the ""Preparation and employment of forces"" programme"
Préparation des forces terrestres,Preparation of land forces
"Préparation des forces terrestres - Personnel travaillant pour le programme ""Préparation et emploi des forces""","Preparation of land forces - Staff working for the ""Preparation and employment of forces"" programme"
Préparation et conduite des opérations d'armement,Preparation and conduct of armament operations
"Préparation et conduite des opérations d'armement - Personnel travaillant  pour le programme  ""Équipement des forces ""","Preparation and conduct of armament operations - Staff working for the ""Equipment of forces"" programme"
Préparation et emploi des forces,Preparation and employment of forces
Préparation et interventions spécialisées des moyens nationaux,Preparedness and specialised interventions of national resources
Préservation de la sécurité et de la sûreté de l'espace national et européen,Preservation of the safety and security of national and European airspace
Présidence de la République,Presidency of the Republic
Prévention des risques,Risk prevention
"Prévention, sécurité sanitaire et offre de soins","Prevention, health security and healthcare provision"
Public Sénat,Public Sénat
Pêche et aquaculture,Fisheries and aquaculture
Qualification en travail social,Qualification in social work
Qualité de l'alimentation et offre alimentaire,Food quality and food supply
Qualité et effectivité du droit,Quality and effectiveness of the law
RSA et RMI,RSA and RMI minimum income schemes
Radio France,Radio France
Rayonnement et contribution extérieure,International outreach and external contribution
"Recherche dans les domaines de l'énergie, du développement et de la mobilité durables","Research in sustainable energy, development and mobility"
Recherche duale (civile et militaire),Dual-use research (civilian and military)
Recherche et enseignement supérieur en matière économique et industrielle,Research and higher education in economic and industrial affairs
Recherche spatiale,Space research
Recherches scientifiques et technologiques pluridisciplinaires,Multidisciplinary scientific and technological research
Reconnaissance envers le monde combattant,Recognition of the veterans community
"Reconnaissance et réparation en faveur du monde combattant, mémoire et liens avec la Nation","Recognition and reparation for the veterans community, remembrance and ties with the Nation"
Relations financières avec l'AFP,Financial relations with AFP
Relations internationales,International relations
Relations internationales et diplomatie de défense,International relations and defence diplomacy
Renforcement des fonds propres de l'Agence française de développement,Strengthening the capital of the French Development Agency
Renouveau démocratique,Democratic renewal
Restitution des « biens mal acquis »,"Restitution of ""ill-gotten assets"""
Restructurations,Restructurings
Restructurations - RH,Restructurings - HR
Reversement à la sécurité sociale des recettes de la Facilité pour la Relance et la Résilience (FRR) européenne au titre du volet « Ségur investissement » du plan national de relance et de résilience (PNRR),"Transfer to social security of revenue from the European Recovery and Resilience Facility (RRF) under the ""Ségur investment"" component of the national recovery and resilience plan (NRRP)"
Revitalisation économique et emploi,Economic revitalisation and employment
Routes - Entretien,Roads - maintenance
Routes et voiries,Roads and highways
Régime de retraite de la SEITA,SEITA pension scheme
Régime de retraite du personnel de la RATP,RATP staff pension scheme
Régime de retraite du personnel de la SNCF,SNCF staff pension scheme
"Régimes de retraite des mines, de la SEITA, et divers","Pension schemes for mines, SEITA and miscellaneous"
Régimes de retraite et de sécurité sociale des marins,Seafarers' pension and social security schemes
Régimes sociaux et de retraite des transports terrestres,Social and pension schemes for land transport
"Réglementation générale, garantie de l'identité et de la nationalité et délivrance des titres","General regulation, guarantee of identity and nationality, and issuance of official documents"
"Réglementation, politique technique et qualité de la construction","Regulation, technical policy and construction quality"
"Régulation concurrentielle des marchés, protection économique et sécurité du consommateur","Competitive market regulation, consumer economic protection and safety"
"Régulation des communications électroniques, des postes et de la distribution de la presse (ARCEP)","Regulation of electronic communications, postal services and press distribution (ARCEP)"
Réseau diplomatique,Diplomatic network
Réseaux d'initiative publique,Public-initiative networks
Résilience,Resilience
"Sanitaire, social, culture, jeunesse et sports","Health, social affairs, culture, youth and sports"
Santé,Health
Santé (y c. PMI et planification familiale),Health (including maternal and child protection and family planning)
Santé des populations,Population health
"Santé des étudiants et activités associatives, culturelles et sportives","Student health and community, cultural and sports activities"
Santé et sécurité au travail,Occupational health and safety
Santé scolaire,School health
"Santé, qualité et protection des végétaux","Plant health, quality and protection"
Scolarisation à 3 ans,Schooling from age 3
Service National Universel,Universal National Service
Service d'incendie et de secours à Wallis-et-Futuna,Fire and rescue service in Wallis and Futuna
Service public de l'énergie,Public energy service
Services communs,Shared services
Services communs (enseignement),Shared services (education)
Services communs (sécurité),Shared services (security)
Services communs (transports),Shared services (transport)
Services communs (y compris APA et RSA),Shared services (including APA and RSA)
Services communs (y compris R & D),Shared services (including research and development)
Services communs et actions transversales,Shared services and cross-cutting actions
Services communs et sécurité,Shared services and security
Services communs et vie sociale,Shared services and social life
"Sites, paysages, publicité","Sites, landscapes and outdoor advertising"
Société de livraison des ouvrages olympiques et paralympiques,Olympic and Paralympic venues delivery company
Solidarité à l'égard des pays en développement,Solidarity with developing countries
Soutien aux politiques du ministère de la culture,Support for the policies of the Ministry of Culture
Soutien de la politique de l'éducation nationale,Support for national education policy
Soutien de la politique de la défense,Support for defence policy
Soutien des ministères sociaux,Support for the social affairs ministries
Soutien des progrès de l'enseignement et de la recherche,Support for progress in education and research
Souveraineté technologique et résilience,Technological sovereignty and resilience
Sport,Sport
Sports,Sports
Statistiques et études économiques,Statistics and economic studies
Stratégie et prospective,Strategy and foresight
"Stratégie, ressources et évaluation","Strategy, resources and evaluation"
Stratégies économiques,Economic strategies
Structures de mise en oeuvre de la politique de l'emploi,Employment policy implementation bodies
Subvention au fonds de financement des dossiers impécunieux,Grant to the fund for financing impecunious cases
Support à l'accès au droit et à la justice,Support for access to law and justice
"Surcoûts liés aux opérations - Personnel travaillant pour le programme ""Préparation et emploi des forces""","Additional costs of operations - personnel working for the ""Preparation and employment of forces"" programme"
Surcoûts liés aux opérations extérieures,Additional costs of external military operations
Surcoûts liés aux opérations intérieures,Additional costs of domestic operations
Surveillance douanière des flux de personnes et de marchandises et lutte contre la grande fraude douanière.,Customs surveillance of flows of people and goods and fight against large-scale customs fraud
Surveillance et sûreté maritimes,Maritime surveillance and security
Systèmes d'information,Information systems
"Systèmes d'information, d'administration et de gestion","Information, administration and management systems"
Sécurité civile,Civil protection
Sécurité et paix publiques,Public safety and peace
Sécurité et qualité sanitaires de l'alimentation,Food safety and health quality
Sécurité et éducation routières,Road safety and driver education
Sécurité sanitaire de l'alimentation,Food safety
Ségur investissement du PNRR,Ségur investment under the national recovery and resilience plan
Sénat,Senate
Sûreté nucléaire et radio-protection,Nuclear safety and radiation protection
Sûreté nucléaire et radioprotection,Nuclear safety and radiation protection
TV5 Monde,TV5 Monde
Territoires d'innovation pédagogique,Educational innovation territories
Traitement de la dette des pays pauvres,Debt treatment for poor countries
Traitement et jugement des contentieux civils,Processing and adjudication of civil litigation
Transformation publique,Public transformation
Transmission des savoirs et démocratisation de la culture,Transmission of knowledge and democratisation of culture
Transport aérien,Air transport
Transport routier,Road transport
Transports collectifs,Public transport
Transports combinés,Combined transport
Transports publics (hors scolaire),Public transport (excluding school transport)
Transports scolaires,School transport
Travaux consultatifs,Advisory work
Travaux et gros entretien à la charge du propriétaire,Works and major maintenance borne by the owner
Trésorerie,Treasury management
Urbanisme et aménagement,Urban planning and development
"Urbanisme, territoires et amélioration de l'habitat","Urban planning, territories and housing improvement"
Valorisation de la recherche,Research valorisation
Veille et sécurité sanitaire,Health surveillance and safety
Versements au fonds spécial de retraite de la caisse autonome nationale de sécurité sociale dans les mines,Payments to the special pension fund of the national autonomous mining social security fund
Versements liés à la liquidation de l'ORTF,Payments related to the liquidation of the ORTF
Vie de l'élève,Pupil life
Vie politique,Political life
Vie scolaire et éducation à la responsabilité,School life and education for responsibility
Vie étudiante,Student life
Voies navigables,Inland waterways
Volet territorialisé du plan national d'action chlordécone,Territorial component of the national chlordecone action plan
Écologie,Ecology
Économie circulaire et circuits courts,Circular economy and short supply chains
"Économie sociale, solidaire et responsable","Social, solidarity and responsible economy"
Éducation routière,Driver education
Égalité entre les femmes et les hommes,Gender equality
Élaboration de la législation fiscale,Drafting of tax legislation
"Énergie, climat et après-mines","Energy, climate and post-mining"
Épargne,Savings
Épargne logement,Housing savings
Équipement des forces,Equipment of the armed forces
Équipements structurants de recherche,Major research equipment
Établissements d'appui de la politique éducative,Institutions supporting education policy
Établissements d'enseignement privés,Private educational institutions
État major,General staff
État-major et services centraux,General staff and central services
Évaluation de l'impact des politiques publiques et information économique,Evaluation of public policy impact and economic information
Évaluation et contrôle,Evaluation and control
"Évaluation, contrôle, études et recherche","Evaluation, control, studies and research"
